0.0 , 37.85 , -0.15 , -11.9 , 10.0 , 4.3 , 36.11 , 2.78 , 1.74 , -2.93
1.0 , 37.65 , 1.55 , -12.0 , 11.0 , 8.4 , 40.0 , 3.89 , -2.35 , -2.34
2.0 , 35.75 , -2.15 , -12.1 , 10.0 , 8.8 , 41.11 , 3.89 , -5.36 , -6.04
3.0 , 35.65 , -0.45 , -12.0 , 11.0 , 7.0 , 38.89 , 2.22 , -3.24 , -2.67
4.0 , 36.05 , -5.45 , -12.0 , 8.0 , 5.1 , 38.89 , 2.78 , -2.84 , -8.23
5.0 , 38.05 , -2.25 , -12.0 , 8.0 , 6.2 , 37.78 , 2.22 , 0.27 , -4.47
6.0 , 39.15 , -3.05 , -12.1 , 7.0 , 7.0 , 41.11 , 2.78 , -1.96 , -5.83
7.0 , 37.75 , 2.65 , -12.1 , 12.0 , 8.9 , 42.22 , 3.89 , -4.47 , -1.24
8.0 , 37.85 , 0.55 , -12.1 , 11.0 , 6.7 , 41.11 , 3.89 , -3.26 , -3.34
9.0 , 38.65 , -1.95 , -12.2 , 9.0 , 7.7 , 41.11 , 2.78 , -2.46 , -4.73
10.0 , 39.35 , -2.75 , -12.2 , 7.0 , 5.6 , 41.11 , 3.89 , -1.76 , -6.64
11.0 , 39.15 , 2.75 , -12.1 , 12.0 , 6.5 , 41.11 , 3.89 , -1.96 , -1.14
12.0 , 37.55 , 6.15 , -12.1 , 16.0 , 7.3 , 41.11 , 3.89 , -3.56 , 2.26
13.0 , 37.45 , 4.35 , -12.0 , 15.0 , 6.1 , 40.0 , 7.78 , -2.55 , -3.43
14.0 , 36.95 , 4.95 , -12.0 , 16.0 , 7.1 , 38.89 , 3.89 , -1.94 , 1.06
15.0 , 37.75 , 0.45 , -12.1 , 11.0 , 6.4 , 41.11 , 7.22 , -3.36 , -6.77
16.0 , 37.95 , -3.65 , -12.0 , 8.0 , 5.9 , 41.11 , 2.78 , -3.16 , -6.43
17.0 , 38.25 , -5.95 , -12.1 , 6.0 , 5.5 , 41.11 , 2.78 , -2.86 , -8.73
18.0 , 37.25 , -6.85 , -12.0 , 6.0 , 7.6 , 41.11 , 2.78 , -3.86 , -9.63
19.0 , 37.05 , -4.75 , -12.1 , 7.0 , 7.6 , 40.0 , 2.78 , -2.95 , -7.53
20.0 , 37.15 , -6.65 , -12.0 , 6.0 , 8.3 , 41.11 , 2.78 , -3.96 , -9.43
21.0 , 36.65 , -2.65 , -12.1 , 9.0 , 7.5 , 40.0 , 2.78 , -3.35 , -5.43
22.0 , 35.85 , -3.65 , -12.1 , 9.0 , 9.5 , 40.0 , 2.78 , -4.15 , -6.43
23.0 , 35.15 , 0.55 , -12.1 , 12.0 , 9.7 , 37.78 , 2.22 , -2.63 , -1.67
24.0 , 36.35 , -5.35 , -11.9 , 7.0 , 3.7 , 37.78 , 2.22 , -1.43 , -7.57
25.0 , 37.35 , 0.45 , -12.2 , 11.0 , 5.2 , 40.0 , 2.78 , -2.65 , -2.33
26.0 , 39.75 , -0.45 , -12.3 , 9.0 , 7.9 , 40.0 , 2.78 , -0.25 , -3.23
27.0 , 42.95 , 3.15 , -12.3 , 9.0 , 5.7 , 41.11 , 3.89 , 1.84 , -0.74
28.0 , 42.75 , 4.15 , -11.9 , 10.0 , 4.5 , 42.78 , 7.22 , -0.03 , -3.07
29.0 , 41.05 , 8.65 , -12.1 , 15.0 , 7.6 , 45.0 , 7.22 , -3.95 , 1.43
30.0 , 38.55 , 11.25 , -12.0 , 21.0 , 4.0 , 43.89 , 8.89 , -5.34 , 2.36
31.0 , 39.65 , 10.85 , -12.2 , 20.0 , 5.9 , 42.22 , 10.0 , -2.57 , 0.85
32.0 , 39.95 , 7.25 , -12.2 , 15.0 , 7.8 , 38.89 , 12.78 , 1.06 , -5.53
33.0 , 39.15 , 10.75 , -12.1 , 20.0 , 8.0 , 42.22 , 7.78 , -3.07 , 2.97
34.0 , 37.85 , 12.35 , -12.2 , 24.0 , 8.1 , 42.22 , 12.22 , -4.37 , 0.13
35.0 , 37.25 , 13.15 , -12.1 , 26.0 , 3.7 , 38.89 , 13.89 , -1.64 , -0.74
36.0 , 38.95 , 10.15 , -12.0 , 19.0 , 2.9 , 42.22 , 13.89 , -3.27 , -3.74
37.0 , 39.35 , 8.65 , -12.1 , 17.0 , 5.1 , 42.22 , 12.22 , -2.87 , -3.57
38.0 , 35.65 , 15.75 , -12.1 , 35.0 , 5.9 , 42.78 , 11.11 , -7.13 , 4.64
39.0 , 36.55 , 15.95 , -12.3 , 33.0 , 5.1 , 38.89 , 17.22 , -2.34 , -1.27
40.0 , 33.65 , 16.15 , -12.2 , 40.0 , 4.3 , 37.78 , 16.11 , -4.13 , 0.04
41.0 , 35.65 , 14.75 , -12.2 , 32.0 , 3.5 , 33.89 , 17.78 , 1.76 , -3.03
42.0 , 37.55 , 11.75 , -12.2 , 23.0 , 3.7 , 32.22 , 17.78 , 5.33 , -6.03
43.0 , 38.55 , 13.05 , -12.2 , 24.0 , 5.3 , 38.89 , 16.11 , -0.34 , -3.06
44.0 , 37.95 , 14.15 , -12.2 , 27.0 , 6.6 , 41.11 , 12.78 , -3.16 , 1.37
45.0 , 33.05 , 15.75 , -11.9 , 42.0 , 4.4 , 37.22 , 13.89 , -4.17 , 1.86
46.0 , 35.95 , 11.35 , -12.2 , 25.0 , 1.6 , 33.89 , 17.22 , 2.06 , -5.87
47.0 , 36.15 , 12.35 , -12.2 , 27.0 , 4.5 , 37.78 , 13.89 , -1.63 , -1.54
48.0 , 35.45 , 14.65 , -12.1 , 32.0 , 2.8 , 38.89 , 12.22 , -3.44 , 2.43
49.0 , 32.45 , 18.95 , -12.0 , 50.0 , 4.6 , 37.78 , 16.11 , -5.33 , 2.84
50.0 , 32.25 , 17.95 , -12.1 , 47.0 , 3.6 , 36.11 , 16.11 , -3.86 , 1.84
51.0 , 33.25 , 15.35 , -12.2 , 37.0 , 4.4 , 30.0 , 21.11 , 3.25 , -5.76
52.0 , 34.55 , 14.75 , -12.2 , 34.0 , 4.8 , 27.78 , 22.22 , 6.77 , -7.47
53.0 , 36.45 , 14.85 , -12.2 , 30.0 , 5.6 , 37.22 , 16.11 , -0.77 , -1.26
54.0 , 34.45 , 17.25 , -12.2 , 40.0 , 3.3 , 37.78 , 16.11 , -3.33 , 1.14
55.0 , 36.15 , 16.65 , -12.3 , 35.0 , 3.6 , 32.78 , 18.89 , 3.37 , -2.24
56.0 , 36.95 , 12.75 , -12.2 , 26.0 , 6.5 , 37.22 , 18.89 , -0.27 , -6.14
57.0 , 36.75 , 10.45 , -12.2 , 22.0 , 6.9 , 37.78 , 17.22 , -1.03 , -6.77
58.0 , 36.75 , 8.75 , -12.3 , 20.0 , 5.5 , 41.11 , 8.89 , -4.36 , -0.14
59.0 , 36.45 , 11.05 , -12.4 , 24.0 , 3.8 , 38.89 , 7.78 , -2.44 , 3.27
60.0 , 38.35 , 10.85 , -12.3 , 20.0 , 2.2 , 40.0 , 12.22 , -1.65 , -1.37
61.0 , 37.95 , 12.85 , -12.3 , 24.0 , 5.0 , 41.11 , 10.0 , -3.16 , 2.85
62.0 , 37.15 , 13.85 , -12.2 , 27.0 , 4.9 , 35.0 , 16.11 , 2.15 , -2.26
63.0 , 37.55 , 11.05 , -12.3 , 22.0 , 3.6 , 36.11 , 17.22 , 1.44 , -6.17
64.0 , 37.55 , 10.25 , -12.3 , 21.0 , 4.2 , 38.89 , 12.22 , -1.34 , -1.97
65.0 , 35.45 , 9.55 , -12.2 , 23.0 , 4.3 , 37.78 , 10.0 , -2.33 , -0.45
66.0 , 34.05 , 11.25 , -12.2 , 28.0 , 3.4 , 36.11 , 11.11 , -2.06 , 0.14
67.0 , 34.95 , 10.25 , -12.2 , 25.0 , 6.5 , 27.78 , 17.78 , 7.17 , -7.53
68.0 , 36.45 , 2.75 , -12.1 , 13.0 , 4.0 , 37.22 , 12.22 , -0.77 , -9.47
69.0 , 37.45 , 2.15 , -12.2 , 12.0 , 5.8 , 38.89 , 2.78 , -1.44 , -0.63
70.0 , 36.75 , 3.95 , -12.2 , 14.0 , 4.6 , 40.0 , 5.0 , -3.25 , -1.05
71.0 , 36.95 , 6.15 , -12.1 , 17.0 , 3.4 , 38.89 , 2.78 , -1.94 , 3.37
72.0 , 38.05 , 2.75 , -12.2 , 12.0 , 5.4 , 38.89 , 7.22 , -0.84 , -4.47
73.0 , 38.25 , 2.75 , -12.2 , 12.0 , 4.4 , 41.11 , 5.0 , -2.86 , -2.25
74.0 , 39.35 , 8.85 , -12.2 , 17.0 , 3.1 , 38.89 , 2.78 , 0.46 , 6.07
75.0 , 37.95 , 12.35 , -12.3 , 23.0 , 2.7 , 40.0 , 7.22 , -2.05 , 5.13
76.0 , 39.65 , 10.85 , -12.3 , 19.0 , 2.4 , 41.11 , 12.78 , -1.46 , -1.93
77.0 , 39.75 , 9.15 , -12.2 , 17.0 , 2.3 , 42.78 , 11.11 , -3.03 , -1.96
78.0 , 38.65 , 11.35 , -12.2 , 20.0 , 4.6 , 42.22 , 8.89 , -3.57 , 2.46
79.0 , 38.45 , 11.95 , -12.3 , 22.0 , 5.1 , 40.0 , 11.11 , -1.55 , 0.84
80.0 , 38.25 , 10.65 , -12.2 , 21.0 , 4.8 , 42.22 , 11.11 , -3.97 , -0.46
81.0 , 37.45 , 10.05 , -12.2 , 21.0 , 5.4 , 41.11 , 11.11 , -3.66 , -1.06
82.0 , 36.35 , 12.95 , -12.1 , 26.0 , 2.9 , 36.11 , 13.89 , 0.24 , -0.94
83.0 , 36.15 , 12.65 , -12.0 , 26.0 , 3.4 , 37.22 , 12.78 , -1.07 , -0.13
84.0 , 34.15 , 15.05 , -12.0 , 34.0 , 2.9 , 37.78 , 11.11 , -3.63 , 3.94
85.0 , 30.35 , 17.65 , -11.3 , 51.0 , 4.1 , 35.0 , 12.78 , -4.65 , 4.87
86.0 , 34.45 , 15.45 , -12.0 , 34.0 , 2.0 , 31.11 , 17.78 , 3.34 , -2.33
87.0 , 36.15 , 13.35 , -12.0 , 26.0 , 2.8 , 36.11 , 17.78 , 0.04 , -4.43
88.0 , 35.55 , 15.25 , -12.1 , 32.0 , 2.2 , 36.11 , 17.22 , -0.56 , -1.97
89.0 , 31.75 , 18.55 , -12.1 , 50.0 , 3.5 , 37.78 , 17.22 , -6.03 , 1.33
90.0 , 32.35 , 17.65 , -11.6 , 46.0 , 3.7 , 32.78 , 18.89 , -0.43 , -1.24
91.0 , 35.05 , 16.05 , -12.2 , 35.0 , 5.2 , 36.11 , 17.78 , -1.06 , -1.73
92.0 , 36.15 , 14.85 , -12.1 , 30.0 , 3.9 , 37.22 , 17.78 , -1.07 , -2.93
93.0 , 37.25 , 12.55 , -12.1 , 24.0 , 2.0 , 37.78 , 15.0 , -0.53 , -2.45
94.0 , 37.85 , 12.45 , -12.1 , 23.0 , 2.1 , 37.22 , 16.11 , 0.63 , -3.66
95.0 , 38.15 , 8.55 , -12.2 , 17.0 , 4.9 , 37.78 , 13.89 , 0.37 , -5.34
96.0 , 37.35 , 9.95 , -12.1 , 19.0 , 4.4 , 41.11 , 11.11 , -3.76 , -1.16
97.0 , 37.15 , 11.15 , -12.1 , 22.0 , 3.0 , 41.11 , 7.78 , -3.96 , 3.37
98.0 , 34.75 , 14.05 , -12.1 , 31.0 , 2.3 , 36.11 , 12.78 , -1.36 , 1.27
99.0 , 33.05 , 13.95 , -11.9 , 34.0 , 4.0 , 33.89 , 15.0 , -0.84 , -1.05
100.0 , 32.55 , 14.25 , -11.9 , 36.0 , 3.7 , 27.78 , 21.11 , 4.77 , -6.86
101.0 , 29.45 , 15.45 , -11.9 , 46.0 , 5.3 , 27.22 , 20.0 , 2.23 , -4.55
102.0 , 30.95 , 11.45 , -12.0 , 33.0 , 4.3 , 28.89 , 17.22 , 2.06 , -5.77
103.0 , 32.85 , 8.55 , -11.9 , 23.0 , 3.9 , 32.22 , 12.78 , 0.63 , -4.23
104.0 , 33.85 , 11.15 , -11.9 , 26.0 , 2.1 , 35.0 , 11.11 , -1.15 , 0.04
105.0 , 34.85 , 11.05 , -11.9 , 24.0 , 1.3 , 36.11 , 16.11 , -1.26 , -5.06
106.0 , 35.75 , 9.65 , -12.0 , 21.0 , 2.4 , 37.22 , 11.11 , -1.47 , -1.46
107.0 , 36.05 , 10.95 , -12.0 , 23.0 , 3.5 , 37.78 , 7.22 , -1.73 , 3.73
108.0 , 36.25 , 10.75 , -11.9 , 22.0 , 2.6 , 38.89 , 12.22 , -2.64 , -1.47
109.0 , 35.35 , 7.45 , -12.0 , 19.0 , 6.1 , 38.89 , 12.78 , -3.54 , -5.33
110.0 , 34.75 , 2.95 , -11.9 , 15.0 , 3.8 , 37.78 , 2.22 , -3.03 , 0.73
111.0 , 34.55 , 7.15 , -12.0 , 20.0 , 4.2 , 37.22 , 2.78 , -2.67 , 4.37
112.0 , 33.85 , 11.75 , -11.9 , 27.0 , 5.7 , 37.78 , 7.22 , -3.93 , 4.53
113.0 , 29.65 , 1.75 , -11.8 , 18.0 , 8.2 , 37.22 , 10.0 , -7.57 , -8.25
114.0 , 30.55 , -2.95 , -11.9 , 12.0 , 2.5 , 31.11 , 2.78 , -0.56 , -5.73
115.0 , 32.55 , 0.65 , -11.9 , 13.0 , 3.3 , 32.22 , -2.78 , 0.33 , 3.43
116.0 , 31.15 , -1.25 , -11.8 , 13.0 , 10.2 , 35.0 , 2.78 , -3.85 , -4.03
117.0 , 29.55 , 6.75 , -11.7 , 26.0 , 11.8 , 35.0 , -1.11 , -5.45 , 7.86
118.0 , 25.55 , -7.15 , -11.8 , 12.0 , 4.7 , 32.78 , 7.22 , -7.23 , -14.37
119.0 , 28.15 , -3.35 , -11.9 , 13.0 , 2.4 , 27.22 , -6.11 , 0.93 , 2.76
120.0 , 30.55 , 1.05 , -12.0 , 16.0 , 3.0 , 31.11 , 1.11 , -0.56 , -0.06
121.0 , 30.95 , -1.85 , -12.0 , 12.0 , 4.0 , 32.22 , 2.78 , -1.27 , -4.63
122.0 , 30.95 , -1.25 , -11.9 , 13.0 , 4.6 , 32.22 , 1.11 , -1.27 , -2.36
123.0 , 30.25 , 3.95 , -11.9 , 20.0 , 4.3 , 33.89 , 2.78 , -3.64 , 1.17
124.0 , 29.45 , 2.15 , -11.8 , 18.0 , 7.5 , 32.78 , 2.78 , -3.33 , -0.63
125.0 , 27.05 , -3.95 , -11.9 , 15.0 , 6.0 , 32.22 , 2.22 , -5.17 , -6.17
126.0 , 25.75 , -9.95 , -11.9 , 9.0 , 5.8 , 28.89 , -3.89 , -3.14 , -6.06
127.0 , 28.55 , -5.95 , -11.8 , 9.0 , 3.6 , 27.22 , -6.11 , 1.33 , 0.16
128.0 , 31.05 , 0.15 , -11.9 , 11.0 , 2.8 , 32.22 , -2.78 , -1.17 , 2.93
129.0 , 28.75 , -0.05 , -11.8 , 16.0 , 7.6 , 32.78 , -2.22 , -4.03 , 2.17
130.0 , 24.45 , 2.95 , -11.5 , 28.0 , 14.1 , 32.22 , -2.22 , -7.77 , 5.17
131.0 , 19.25 , 1.75 , -11.6 , 36.0 , 2.2 , 27.78 , 5.0 , -8.53 , -3.25
132.0 , 22.55 , -0.95 , -11.7 , 23.0 , 2.8 , 20.0 , 3.89 , 2.55 , -4.84
133.0 , 26.15 , 1.55 , -11.7 , 20.0 , 3.0 , 22.78 , 0.0 , 3.37 , 1.55
134.0 , 26.15 , 2.05 , -11.7 , 22.0 , 7.7 , 27.78 , 2.22 , -1.63 , -0.17
135.0 , 25.35 , -1.05 , -11.8 , 18.0 , 3.7 , 28.89 , 2.22 , -3.54 , -3.27
136.0 , 24.95 , -3.65 , -11.7 , 15.0 , 5.3 , 26.11 , -1.11 , -1.16 , -2.54
137.0 , 23.75 , -4.35 , -11.7 , 15.0 , 2.7 , 26.11 , -2.22 , -2.36 , -2.13
138.0 , 23.95 , -4.65 , -11.7 , 15.0 , 3.9 , 25.0 , -3.89 , -1.05 , -0.76
139.0 , 24.65 , -5.95 , -11.4 , 11.0 , 3.4 , 26.11 , -2.78 , -1.46 , -3.17
140.0 , 25.35 , -6.85 , -11.6 , 10.0 , 3.7 , 27.22 , -2.78 , -1.87 , -4.07
141.0 , 25.35 , -5.45 , -11.5 , 12.0 , 5.4 , 27.78 , -6.11 , -2.43 , 0.66
142.0 , 25.65 , -3.95 , -11.7 , 11.0 , 2.6 , 27.78 , -5.0 , -2.13 , 1.05
143.0 , 26.45 , -3.45 , -11.6 , 11.0 , 3.0 , 27.78 , -5.0 , -1.33 , 1.55
144.0 , 27.55 , 0.05 , -11.6 , 13.0 , 2.7 , 31.11 , -2.78 , -3.56 , 2.83
145.0 , 27.35 , -1.15 , -11.5 , 15.0 , 5.0 , 32.22 , -2.22 , -4.87 , 1.07
146.0 , 25.95 , -1.05 , -11.6 , 16.0 , 4.3 , 31.11 , -2.78 , -5.16 , 1.73
147.0 , 26.25 , 0.55 , -11.7 , 15.0 , 2.7 , 28.89 , -2.78 , -2.64 , 3.33
148.0 , 26.45 , -1.95 , -11.3 , 15.0 , 6.1 , 28.89 , 2.22 , -2.44 , -4.17
149.0 , 22.95 , 2.85 , -11.4 , 29.0 , 10.0 , 28.89 , -1.11 , -5.94 , 3.96
150.0 , 18.65 , 4.75 , -11.5 , 45.0 , 6.9 , 26.11 , 3.89 , -7.46 , 0.86
151.0 , 18.35 , -2.05 , -11.5 , 27.0 , 5.1 , 21.11 , 2.78 , -2.76 , -4.83
152.0 , 19.25 , -4.95 , -11.3 , 19.0 , 4.1 , 20.0 , -2.22 , -0.75 , -2.73
153.0 , 21.45 , -4.25 , -10.1 , 14.0 , 3.8 , 22.22 , -2.78 , -0.77 , -1.47
154.0 , 23.35 , -6.45 , -11.1 , 9.0 , 3.4 , 23.89 , -2.78 , -0.54 , -3.67
155.0 , 22.35 , 4.25 , -11.4 , 32.0 , 5.0 , 28.89 , -5.0 , -6.54 , 9.25
156.0 , 21.85 , 5.25 , -11.2 , 36.0 , 6.7 , 26.11 , -1.11 , -4.26 , 6.36
157.0 , 18.75 , 3.85 , -11.6 , 39.0 , 3.5 , 25.0 , 3.89 , -6.25 , -0.04
158.0 , 18.95 , -10.55 , -10.1 , 9.0 , 4.3 , 21.11 , 3.89 , -2.16 , -14.44
159.0 , 21.25 , -8.35 , -10.8 , 10.0 , 4.4 , 22.78 , -8.89 , -1.53 , 0.54
160.0 , 21.75 , -0.25 , -11.2 , 19.0 , 2.1 , 27.22 , -6.11 , -5.47 , 5.86
161.0 , 22.45 , 0.25 , -11.4 , 20.0 , 2.8 , 27.22 , 1.11 , -4.77 , -0.86
162.0 , 22.95 , 1.15 , -10.7 , 21.0 , 3.5 , 27.22 , 2.22 , -4.27 , -1.07
163.0 , 24.75 , 4.95 , -11.2 , 24.0 , 3.5 , 26.11 , 1.11 , -1.36 , 3.84
164.0 , 24.55 , 6.55 , -11.2 , 33.0 , 9.3 , 28.89 , 2.78 , -4.34 , 3.77
165.0 , 22.55 , 5.55 , -11.2 , 34.0 , 5.0 , 30.0 , 3.89 , -7.45 , 1.66
166.0 , 22.05 , 4.15 , -11.1 , 28.0 , 2.9 , 26.11 , 6.11 , -4.06 , -1.96
167.0 , 21.55 , 6.05 , -10.9 , 38.0 , 12.5 , 26.11 , 5.0 , -4.56 , 1.05
168.0 , 17.65 , 4.95 , -11.1 , 45.0 , 5.9 , 26.11 , 7.78 , -8.46 , -2.83
169.0 , 18.45 , 4.65 , -11.3 , 39.0 , 2.6 , 21.11 , 6.11 , -2.66 , -1.46
170.0 , 20.05 , 6.25 , -11.5 , 38.0 , 2.0 , 22.22 , 7.78 , -2.17 , -1.53
171.0 , 19.95 , 4.95 , -11.2 , 37.0 , 3.1 , 23.89 , 7.22 , -3.94 , -2.27
172.0 , 19.55 , 5.05 , -11.2 , 39.0 , 4.0 , 22.78 , 6.11 , -3.23 , -1.06
173.0 , 18.75 , 8.85 , -10.8 , 55.0 , 4.5 , 21.11 , 6.11 , -2.36 , 2.74
174.0 , 12.45 , 10.15 , -8.5 , 89.0 , 2.8 , 21.11 , 7.22 , -8.66 , 2.93
175.0 , 12.75 , 5.25 , -10.9 , 60.0 , 3.1 , 12.22 , 8.89 , 0.53 , -3.64
176.0 , 12.55 , 4.05 , -11.3 , 57.0 , 2.7 , 12.22 , 7.22 , 0.33 , -3.17
177.0 , 13.15 , 2.75 , -9.3 , 44.0 , 3.5 , 12.78 , 6.11 , 0.37 , -3.36
178.0 , 15.25 , 0.65 , -9.7 , 31.0 , 6.3 , 13.89 , 6.11 , 1.36 , -5.46
179.0 , 15.35 , -1.75 , -9.8 , 25.0 , 5.4 , 17.78 , 2.22 , -2.43 , -3.97
180.0 , 16.05 , -1.15 , -10.3 , 23.0 , 3.1 , 17.78 , -2.78 , -1.73 , 1.63
181.0 , 16.95 , 3.15 , -10.7 , 32.0 , 2.0 , 18.89 , 0.0 , -1.94 , 3.15
182.0 , 17.15 , 3.75 , -9.4 , 33.0 , 2.7 , 18.89 , 5.0 , -1.74 , -1.25
183.0 , 17.45 , 2.05 , -8.9 , 27.0 , 3.3 , 16.11 , 8.89 , 1.34 , -6.84
184.0 , 16.35 , 0.75 , -8.8 , 25.0 , 2.0 , 17.78 , 7.22 , -1.43 , -6.47
185.0 , 16.85 , 2.55 , -9.6 , 32.0 , 6.0 , 17.78 , 6.11 , -0.93 , -3.56
186.0 , 12.25 , 1.55 , -10.9 , 52.0 , 6.5 , 21.11 , 2.78 , -8.86 , -1.23
187.0 , 8.85 , -9.25 , -10.9 , 26.0 , 5.9 , 12.78 , 2.22 , -3.93 , -11.47
188.0 , 8.15 , -9.15 , -10.5 , 23.0 , 1.9 , 11.11 , -7.22 , -2.96 , -1.93
189.0 , 9.65 , -3.85 , -10.6 , 39.0 , 7.7 , 10.0 , -6.11 , -0.35 , 2.26
190.0 , 9.65 , -2.35 , -10.8 , 44.0 , 4.4 , 12.22 , -3.89 , -2.57 , 1.54
191.0 , 8.15 , -9.95 , -10.6 , 23.0 , 4.8 , 12.22 , -2.78 , -4.07 , -7.17
192.0 , 9.95 , -11.15 , -7.5 , 14.0 , 3.3 , 10.0 , -7.22 , -0.05 , -3.93
193.0 , 13.95 , -5.85 , -8.3 , 21.0 , 4.3 , 12.78 , -7.78 , 1.17 , 1.93
194.0 , 14.65 , 0.55 , -10.1 , 36.0 , 3.4 , 17.78 , -3.89 , -3.13 , 4.44
195.0 , 12.45 , -1.75 , -10.3 , 34.0 , 3.3 , 17.22 , -2.22 , -4.77 , 0.47
196.0 , 13.05 , -5.15 , -9.5 , 23.0 , 5.9 , 16.11 , -2.22 , -3.06 , -2.93
197.0 , 14.45 , -5.15 , -6.7 , 18.0 , 4.3 , 16.11 , -3.89 , -1.66 , -1.26
198.0 , 16.45 , -3.45 , -6.1 , 15.0 , 3.6 , 17.78 , -3.89 , -1.33 , 0.44
199.0 , 17.75 , -2.85 , -6.6 , 14.0 , 3.6 , 21.11 , -2.22 , -3.36 , -0.63
200.0 , 17.35 , -2.35 , -9.1 , 16.0 , 2.8 , 22.22 , -1.11 , -4.87 , -1.24
201.0 , 13.75 , 5.15 , -10.8 , 60.0 , 8.9 , 18.89 , 2.78 , -5.14 , 2.37
202.0 , 9.75 , 4.35 , -10.4 , 71.0 , 2.8 , 17.78 , 3.89 , -8.03 , 0.46
203.0 , 10.25 , -1.65 , -10.7 , 42.0 , 6.1 , 10.0 , 7.22 , 0.25 , -8.87
204.0 , 11.25 , -0.95 , -10.0 , 37.0 , 2.3 , 12.78 , 2.78 , -1.53 , -3.73
205.0 , 13.05 , -3.75 , -7.9 , 22.0 , 5.5 , 13.89 , 3.89 , -0.84 , -7.64
206.0 , 13.85 , -2.85 , -7.6 , 20.0 , 2.2 , 16.11 , 2.22 , -2.26 , -5.07
207.0 , 14.35 , -4.35 , -9.4 , 21.0 , 6.0 , 17.22 , 1.11 , -2.87 , -5.46
208.0 , 13.75 , -4.95 , -8.9 , 20.0 , 5.1 , 17.78 , -3.89 , -4.03 , -1.06
209.0 , 14.35 , -5.35 , -9.1 , 18.0 , 5.0 , 17.78 , -3.89 , -3.43 , -1.46
210.0 , 13.85 , -4.55 , -9.5 , 19.0 , 2.1 , 18.89 , -5.0 , -5.04 , 0.45
211.0 , 14.05 , -5.25 , -10.1 , 22.0 , 4.2 , 16.11 , 1.11 , -2.06 , -6.36
212.0 , 13.45 , -4.95 , -8.1 , 19.0 , 2.4 , 17.22 , 0.0 , -3.77 , -4.95
213.0 , 14.95 , -3.55 , -9.0 , 18.0 , 1.5 , 17.22 , -1.11 , -2.27 , -2.44
214.0 , 15.85 , -4.15 , -8.9 , 18.0 , 2.1 , 17.78 , 1.11 , -1.93 , -5.26
215.0 , 16.65 , -3.35 , -9.3 , 20.0 , 4.1 , 17.78 , 1.11 , -1.13 , -4.46
216.0 , 16.55 , -1.05 , -9.7 , 23.0 , 1.9 , 21.11 , -2.78 , -4.56 , 1.73
217.0 , 15.95 , -2.05 , -10.1 , 26.0 , 3.3 , 18.89 , 1.11 , -2.94 , -3.16
218.0 , 13.85 , -8.25 , -9.8 , 16.0 , 3.0 , 16.11 , 3.89 , -2.26 , -12.14
219.0 , 13.65 , -11.65 , -8.4 , 11.0 , 4.3 , 16.11 , -5.0 , -2.46 , -6.65
220.0 , 14.25 , -9.85 , -9.1 , 12.0 , 1.7 , 17.22 , -12.78 , -2.97 , 2.93
221.0 , 14.65 , -8.35 , -10.2 , 15.0 , 1.9 , 16.11 , -7.22 , -1.46 , -1.13
222.0 , 14.85 , -7.65 , -10.3 , 17.0 , 3.1 , 17.22 , -6.11 , -2.37 , -1.54
223.0 , 14.55 , -6.55 , -9.9 , 21.0 , 3.3 , 17.22 , -2.78 , -2.67 , -3.77
224.0 , 16.55 , -2.55 , -8.3 , 21.0 , 1.5 , 17.22 , -2.78 , -0.67 , 0.23
225.0 , 16.65 , -4.95 , -10.1 , 20.0 , 3.7 , 17.78 , -1.11 , -1.13 , -3.84
226.0 , 15.05 , -7.95 , -9.4 , 14.0 , 3.2 , 17.78 , 1.11 , -2.73 , -9.06
227.0 , 17.15 , -6.55 , -8.8 , 15.0 , 6.5 , 17.78 , -6.11 , -0.63 , -0.44
228.0 , 17.65 , -5.45 , -8.6 , 15.0 , 2.9 , 18.89 , -3.89 , -1.24 , -1.56
229.0 , 17.65 , -6.15 , -9.1 , 13.0 , 2.6 , 22.22 , -2.78 , -4.57 , -3.37
230.0 , 18.15 , -7.95 , -9.5 , 12.0 , 2.7 , 21.11 , -2.78 , -2.96 , -5.17
231.0 , 18.35 , -6.75 , -9.6 , 11.0 , 1.5 , 22.22 , -5.0 , -3.87 , -1.75
232.0 , 18.75 , -5.85 , -10.2 , 12.0 , 1.3 , 21.11 , -3.89 , -2.36 , -1.96
233.0 , 19.15 , -7.35 , -10.1 , 12.0 , 2.5 , 18.89 , 2.22 , 0.26 , -9.57
234.0 , 19.55 , -6.05 , -9.8 , 14.0 , 3.8 , 21.11 , -2.22 , -1.56 , -3.83
235.0 , 20.05 , -6.55 , -10.8 , 15.0 , 4.0 , 22.78 , -7.22 , -2.73 , 0.67
236.0 , 18.35 , -6.75 , -11.0 , 12.0 , 1.0 , 22.22 , -3.89 , -3.87 , -2.86
237.0 , 16.55 , -4.05 , -10.6 , 26.0 , 3.2 , 17.78 , 1.11 , -1.23 , -5.16
238.0 , 19.35 , -0.95 , -11.4 , 28.0 , 3.5 , 17.78 , -6.11 , 1.57 , 5.16
239.0 , 18.85 , -6.55 , -11.1 , 18.0 , 4.5 , 22.22 , -2.78 , -3.37 , -3.77
240.0 , 18.55 , -5.95 , -11.3 , 19.0 , 4.4 , 21.11 , -3.89 , -2.56 , -2.06
241.0 , 18.95 , -7.65 , -11.0 , 15.0 , 2.7 , 21.11 , -2.78 , -2.16 , -4.87
242.0 , 19.85 , -7.65 , -10.7 , 13.0 , 2.1 , 18.89 , -5.0 , 0.96 , -2.65
243.0 , 21.65 , -3.65 , -10.9 , 18.0 , 8.7 , 21.11 , -3.89 , 0.54 , 0.24
244.0 , 15.55 , 4.15 , -11.2 , 52.0 , 8.5 , 23.89 , -1.11 , -8.34 , 5.26
245.0 , 13.55 , -5.55 , -11.3 , 29.0 , 6.8 , 17.78 , 2.22 , -4.23 , -7.77
246.0 , 13.55 , -8.95 , -11.3 , 22.0 , 3.2 , 15.0 , -1.11 , -1.45 , -7.84
247.0 , 11.65 , -6.95 , -11.2 , 30.0 , 7.4 , 13.89 , -7.78 , -2.24 , 0.83
248.0 , 12.75 , -3.95 , -11.4 , 35.0 , 3.2 , 13.89 , -10.0 , -1.14 , 6.05
249.0 , 14.05 , -2.85 , -11.2 , 35.0 , 2.6 , 15.0 , -1.11 , -0.95 , -1.74
250.0 , 14.45 , -3.15 , -11.3 , 33.0 , 2.9 , 15.0 , -1.11 , -0.55 , -2.04
251.0 , 15.55 , -0.15 , -11.4 , 39.0 , 4.8 , 13.89 , -1.11 , 1.66 , 0.96
252.0 , 18.85 , 0.25 , -11.2 , 32.0 , 3.0 , 17.78 , 2.78 , 1.07 , -2.53
253.0 , 21.25 , 2.45 , -11.2 , 31.0 , 3.3 , 20.0 , -1.11 , 1.25 , 3.56
254.0 , 21.05 , -0.45 , -11.6 , 26.0 , 6.8 , 22.22 , 2.78 , -1.17 , -3.23
255.0 , 20.65 , -3.35 , -11.5 , 21.0 , 4.5 , 22.78 , 2.22 , -2.13 , -5.57
256.0 , 22.05 , -5.55 , -11.3 , 16.0 , 3.8 , 22.78 , -1.11 , -0.73 , -4.44
257.0 , 24.75 , -4.85 , -11.1 , 13.0 , 3.0 , 23.89 , -2.78 , 0.86 , -2.07
258.0 , 25.75 , -2.85 , -10.5 , 14.0 , 2.3 , 27.22 , -2.22 , -1.47 , -0.63
259.0 , 26.85 , -5.75 , -11.4 , 11.0 , 3.8 , 27.22 , -1.11 , -0.37 , -4.64
260.0 , 25.55 , -6.25 , -11.4 , 11.0 , 3.9 , 27.78 , -2.22 , -2.23 , -4.03
261.0 , 25.75 , -7.35 , -11.5 , 11.0 , 3.6 , 27.22 , -2.22 , -1.47 , -5.13
262.0 , 25.15 , -3.85 , -11.5 , 15.0 , 4.7 , 27.78 , -2.78 , -2.63 , -1.07
263.0 , 23.55 , -5.55 , -11.4 , 15.0 , 7.8 , 27.22 , -2.22 , -3.67 , -3.33
264.0 , 20.95 , -13.05 , -11.6 , 9.0 , 2.3 , 26.11 , -2.22 , -5.16 , -10.83
265.0 , 22.15 , -12.25 , -11.4 , 9.0 , 3.3 , 22.78 , -10.0 , -0.63 , -2.25
266.0 , 22.25 , -12.75 , -11.6 , 9.0 , 4.5 , 22.78 , -8.89 , -0.53 , -3.86
267.0 , 22.65 , -6.65 , -11.5 , 14.0 , 4.5 , 23.89 , -7.22 , -1.24 , 0.57
268.0 , 23.85 , -2.35 , -11.7 , 19.0 , 3.7 , 25.0 , -6.11 , -1.15 , 3.76
269.0 , 19.05 , 4.75 , -11.3 , 44.0 , 5.5 , 26.11 , -2.22 , -7.06 , 6.97
270.0 , 22.45 , 0.55 , -11.6 , 26.0 , 5.2 , 22.78 , 1.11 , -0.33 , -0.56
271.0 , 21.35 , 4.65 , -11.6 , 38.0 , 7.9 , 26.11 , 2.22 , -4.76 , 2.43
272.0 , 22.85 , 6.25 , -11.6 , 38.0 , 9.9 , 25.0 , 3.89 , -2.15 , 2.36
273.0 , 16.75 , 7.65 , -11.1 , 59.0 , 10.2 , 26.11 , 5.0 , -9.36 , 2.65
274.0 , 16.55 , 4.45 , -11.4 , 49.0 , 2.8 , 20.0 , 8.89 , -3.45 , -4.44
275.0 , 19.45 , 2.25 , -11.6 , 35.0 , 3.3 , 17.22 , 7.22 , 2.23 , -4.97
276.0 , 20.95 , 2.65 , -11.5 , 32.0 , 4.7 , 21.11 , 6.11 , -0.16 , -3.46
277.0 , 23.25 , -3.05 , -11.1 , 16.0 , 2.6 , 22.22 , 6.11 , 1.03 , -9.16
278.0 , 24.35 , -1.95 , -11.5 , 17.0 , 3.0 , 25.0 , -2.22 , -0.65 , 0.27
279.0 , 22.65 , 1.15 , -11.6 , 25.0 , 7.2 , 22.78 , 2.78 , -0.13 , -1.63
280.0 , 22.25 , -5.45 , -11.8 , 16.0 , 6.9 , 23.89 , 3.89 , -1.64 , -9.34
281.0 , 22.65 , -6.55 , -11.8 , 14.0 , 4.5 , 23.89 , -3.89 , -1.24 , -2.66
282.0 , 23.75 , -5.05 , -11.8 , 15.0 , 3.9 , 23.89 , -6.11 , -0.14 , 1.06
283.0 , 23.15 , -4.75 , -11.7 , 16.0 , 5.1 , 25.0 , -2.22 , -1.85 , -2.53
284.0 , 24.25 , -2.55 , -11.8 , 18.0 , 3.1 , 26.11 , 1.11 , -1.86 , -3.66
285.0 , 23.45 , -3.65 , -11.7 , 17.0 , 4.5 , 27.22 , -2.22 , -3.77 , -1.43
286.0 , 21.25 , 0.95 , -11.8 , 29.0 , 6.4 , 23.89 , -1.11 , -2.64 , 2.06
287.0 , 24.75 , -12.35 , -12.0 , 7.0 , 8.8 , 22.78 , -2.22 , 1.97 , -10.13
288.0 , 23.45 , -8.45 , -11.9 , 12.0 , 5.6 , 27.22 , -7.22 , -3.77 , -1.23
289.0 , 25.75 , -10.25 , -11.7 , 8.0 , 9.8 , 23.89 , -7.78 , 1.86 , -2.47
290.0 , 23.25 , -10.75 , -11.7 , 10.0 , 4.7 , 28.89 , -5.0 , -5.64 , -5.75
291.0 , 23.75 , -13.95 , -11.8 , 7.0 , 2.9 , 23.89 , -8.89 , -0.14 , -5.06
292.0 , 24.85 , -9.75 , -11.8 , 10.0 , 4.7 , 25.0 , -7.78 , -0.15 , -1.97
293.0 , 24.25 , -8.45 , -11.8 , 12.0 , 5.8 , 27.22 , -6.11 , -2.97 , -2.34
294.0 , 23.75 , -2.05 , -11.8 , 20.0 , 5.2 , 27.22 , -3.89 , -3.47 , 1.84
295.0 , 24.95 , -4.05 , -11.9 , 16.0 , 3.1 , 26.11 , -3.89 , -1.16 , -0.16
296.0 , 26.25 , -2.95 , -11.9 , 16.0 , 2.6 , 27.22 , -2.22 , -0.97 , -0.73
297.0 , 26.05 , -3.15 , -11.8 , 16.0 , 5.5 , 27.78 , -2.78 , -1.73 , -0.37
298.0 , 21.85 , 1.15 , -11.8 , 29.0 , 13.5 , 27.22 , -1.11 , -5.37 , 2.26
299.0 , 19.95 , -0.75 , -11.8 , 29.0 , 7.1 , 26.11 , -1.11 , -6.16 , 0.36
300.0 , 23.05 , -3.15 , -11.9 , 19.0 , 3.8 , 22.22 , -1.11 , 0.83 , -2.04
301.0 , 26.95 , -6.95 , -11.9 , 11.0 , 2.7 , 23.89 , -1.11 , 3.06 , -5.84
302.0 , 23.25 , -3.55 , -11.9 , 18.0 , 10.4 , 27.78 , -11.11 , -4.53 , 7.56
303.0 , 25.25 , -6.85 , -11.9 , 12.0 , 10.4 , 25.0 , -2.78 , 0.25 , -4.07
304.0 , 21.05 , -3.25 , -11.8 , 23.0 , 9.0 , 27.78 , -6.11 , -6.73 , 2.86
305.0 , 15.65 , -1.05 , -11.6 , 37.0 , 11.5 , 23.89 , -5.0 , -8.24 , 3.95
306.0 , 19.05 , -8.75 , -11.7 , 16.0 , 3.8 , 17.78 , -1.11 , 1.27 , -7.64
307.0 , 22.35 , -11.75 , -11.7 , 10.0 , 6.4 , 20.0 , -5.0 , 2.35 , -6.75
308.0 , 20.75 , -5.95 , -11.7 , 18.0 , 6.8 , 23.89 , -6.11 , -3.14 , 0.16
309.0 , 24.15 , -9.65 , -11.9 , 11.0 , 7.2 , 22.78 , -6.11 , 1.37 , -3.54
310.0 , 27.55 , -7.25 , -12.0 , 11.0 , 4.6 , 26.11 , -6.11 , 1.44 , -1.14
311.0 , 30.65 , -9.75 , -12.1 , 7.0 , 2.5 , 28.89 , -3.89 , 1.76 , -5.86
312.0 , 31.85 , -12.65 , -12.1 , 5.0 , 5.0 , 32.78 , -2.78 , -0.93 , -9.87
313.0 , 32.15 , -18.55 , -12.1 , 3.0 , 7.8 , 32.78 , -11.11 , -0.63 , -7.44
314.0 , 31.65 , -10.75 , -12.0 , 6.0 , 7.1 , 35.0 , -1.11 , -3.35 , -9.64
315.0 , 26.65 , -9.65 , -11.9 , 9.0 , 9.6 , 35.0 , -1.11 , -8.35 , -8.54
316.0 , 26.55 , -1.45 , -11.9 , 18.0 , 10.0 , 28.89 , -7.78 , -2.34 , 6.33
317.0 , 26.55 , -14.85 , -12.0 , 6.0 , 4.1 , 30.0 , -1.11 , -3.45 , -13.74
318.0 , 28.95 , -13.75 , -11.8 , 6.0 , 3.0 , 27.22 , -6.11 , 1.73 , -7.64
319.0 , 29.35 , -9.85 , -11.9 , 8.0 , 7.0 , 31.11 , -3.89 , -1.76 , -5.96
320.0 , 30.45 , -5.95 , -11.9 , 10.0 , 4.0 , 32.22 , -3.89 , -1.77 , -2.06
321.0 , 22.15 , 5.15 , -11.5 , 38.0 , 5.6 , 32.22 , -8.89 , -10.07 , 14.04
322.0 , 26.75 , 1.65 , -11.9 , 23.0 , 4.3 , 27.22 , 2.78 , -0.47 , -1.13
323.0 , 29.15 , 0.55 , -12.1 , 18.0 , 4.8 , 27.78 , -7.22 , 1.37 , 7.77
324.0 , 31.95 , -0.45 , -12.1 , 14.0 , 2.7 , 31.11 , -6.11 , 0.84 , 5.66
325.0 , 30.25 , -1.75 , -12.1 , 14.0 , 10.8 , 33.89 , -3.89 , -3.64 , 2.14
326.0 , 27.15 , -11.95 , -12.0 , 7.0 , 8.1 , 32.78 , -1.11 , -5.63 , -10.84
327.0 , 29.05 , -9.95 , -12.0 , 8.0 , 6.0 , 27.78 , -7.22 , 1.27 , -2.73
328.0 , 28.35 , -3.95 , -12.0 , 13.0 , 12.5 , 31.11 , -3.89 , -2.76 , -0.06
329.0 , 19.45 , -3.95 , -11.8 , 24.0 , 9.8 , 31.11 , -2.78 , -11.66 , -1.17
330.0 , 23.15 , -4.85 , -11.9 , 17.0 , 8.2 , 21.11 , -2.78 , 2.04 , -2.07
331.0 , 27.15 , -3.45 , -12.0 , 15.0 , 7.6 , 23.89 , -2.78 , 3.26 , -0.67
332.0 , 26.85 , -14.65 , -12.1 , 6.0 , 8.1 , 28.89 , -1.11 , -2.04 , -13.54
333.0 , 26.95 , -10.25 , -12.0 , 9.0 , 7.4 , 27.22 , -6.11 , -0.27 , -4.14
334.0 , 28.15 , -6.85 , -12.0 , 11.0 , 4.8 , 27.78 , -6.11 , 0.37 , -0.74
335.0 , 30.85 , -8.65 , -12.1 , 8.0 , 4.1 , 30.0 , -2.78 , 0.85 , -5.87
336.0 , 33.75 , -9.85 , -12.1 , 6.0 , 4.5 , 32.78 , -2.22 , 0.97 , -7.63
337.0 , 33.15 , -8.15 , -12.2 , 7.0 , 8.2 , 36.11 , -1.11 , -2.96 , -7.04
338.0 , 30.45 , -7.05 , -12.2 , 9.0 , 11.5 , 37.22 , 0.0 , -6.77 , -7.05
339.0 , 24.55 , -0.95 , -11.8 , 21.0 , 10.7 , 33.89 , -2.22 , -9.34 , 1.27
340.0 , 22.15 , -1.25 , -11.8 , 25.0 , 8.1 , 22.78 , 2.22 , -0.63 , -3.47
341.0 , 25.45 , -2.65 , -11.9 , 18.0 , 5.2 , 23.89 , -1.11 , 1.56 , -1.54
342.0 , 28.85 , -2.55 , -12.0 , 15.0 , 5.8 , 27.22 , -2.22 , 1.63 , -0.33
343.0 , 29.75 , 0.45 , -12.1 , 17.0 , 11.2 , 30.0 , -1.11 , -0.25 , 1.56
344.0 , 23.15 , -12.65 , -11.9 , 9.0 , 11.2 , 33.89 , -1.11 , -10.74 , -11.54
345.0 , 26.95 , -9.65 , -11.9 , 9.0 , 5.0 , 25.0 , -7.78 , 1.95 , -1.87
346.0 , 29.05 , -14.35 , -12.2 , 6.0 , 8.7 , 27.78 , -3.89 , 1.27 , -10.46
347.0 , 30.35 , -9.05 , -12.2 , 8.0 , 5.7 , 31.11 , -3.89 , -0.76 , -5.16
348.0 , 33.45 , -8.35 , -12.2 , 7.0 , 3.5 , 32.22 , -2.78 , 1.23 , -5.57
349.0 , 35.75 , -9.45 , -12.3 , 5.0 , 7.7 , 33.89 , -7.22 , 1.86 , -2.23
350.0 , 35.85 , -11.25 , -12.2 , 5.0 , 8.0 , 37.78 , -6.11 , -1.93 , -5.14
351.0 , 34.65 , -10.25 , -12.1 , 6.0 , 10.1 , 37.78 , -1.11 , -3.13 , -9.14
352.0 , 33.15 , -9.45 , -12.1 , 7.0 , 9.7 , 37.78 , 1.11 , -4.63 , -10.56
353.0 , 31.45 , -5.75 , -12.1 , 10.0 , 11.7 , 37.22 , 1.11 , -5.77 , -6.86
354.0 , 29.45 , -6.05 , -12.1 , 11.0 , 9.3 , 32.78 , -1.11 , -3.33 , -4.94
355.0 , 29.05 , -8.15 , -12.0 , 9.0 , 9.9 , 32.22 , -2.22 , -3.17 , -5.93
356.0 , 27.15 , -1.15 , -11.9 , 18.0 , 4.8 , 32.22 , -2.78 , -5.07 , 1.63
357.0 , 28.95 , -0.95 , -12.0 , 16.0 , 7.3 , 28.89 , -1.11 , 0.06 , 0.16
358.0 , 31.95 , 1.85 , -12.1 , 17.0 , 6.7 , 31.11 , 1.11 , 0.84 , 0.74
359.0 , 35.35 , 2.65 , -12.2 , 15.0 , 6.1 , 32.78 , 2.78 , 2.57 , -0.13
360.0 , 37.35 , 0.75 , -12.3 , 11.0 , 4.8 , 37.22 , 2.78 , 0.13 , -2.03
361.0 , 37.45 , -0.85 , -12.2 , 10.0 , 6.4 , 38.89 , -3.89 , -1.44 , 3.04
362.0 , 31.65 , 9.05 , -12.1 , 29.0 , 5.7 , 40.0 , 2.78 , -8.35 , 6.27
363.0 , 36.45 , 4.25 , -12.1 , 15.0 , 3.4 , 36.11 , 7.78 , 0.34 , -3.53
364.0 , 37.95 , 1.35 , -12.2 , 11.0 , 7.6 , 37.78 , 3.89 , 0.17 , -2.54
365.0 , 37.65 , -5.65 , -12.2 , 7.0 , 6.1 , 41.11 , 3.89 , -3.46 , -9.54
366.0 , 39.35 , -4.15 , -12.3 , 7.0 , 9.1 , 38.89 , 2.78 , 0.46 , -6.93
367.0 , 39.15 , -7.05 , -12.2 , 6.0 , 6.8 , 42.22 , 3.89 , -3.07 , -10.94
368.0 , 38.85 , -8.85 , -12.3 , 5.0 , 8.4 , 41.11 , 2.78 , -2.26 , -11.63
369.0 , 38.75 , -13.55 , -12.1 , 3.0 , 6.5 , 40.0 , 2.78 , -1.25 , -16.33
370.0 , 37.85 , -15.05 , -12.0 , 3.0 , 6.0 , 41.11 , 2.78 , -3.26 , -17.83
371.0 , 36.95 , -5.45 , -12.0 , 7.0 , 6.1 , 38.89 , 2.22 , -1.94 , -7.67
372.0 , 37.05 , 2.25 , -12.1 , 13.0 , 5.0 , 38.89 , 2.22 , -1.84 , 0.03
373.0 , 38.75 , -5.65 , -12.2 , 6.0 , 3.9 , 38.89 , 2.78 , -0.14 , -8.43
374.0 , 38.45 , -0.15 , -12.3 , 10.0 , 8.8 , 41.11 , 2.78 , -2.66 , -2.93
375.0 , 36.65 , -1.75 , -12.3 , 10.0 , 9.7 , 42.22 , 3.89 , -5.57 , -5.64
376.0 , 37.75 , 4.55 , -12.3 , 14.0 , 7.3 , 38.89 , 2.22 , -1.14 , 2.33
377.0 , 37.95 , 4.75 , -12.3 , 15.0 , 9.8 , 40.0 , 6.11 , -2.05 , -1.36
378.0 , 35.95 , -10.25 , -12.2 , 5.0 , 8.8 , 41.11 , 7.78 , -5.16 , -18.03
379.0 , 35.75 , -2.25 , -12.2 , 10.0 , 10.6 , 37.78 , 1.11 , -2.03 , -3.36
380.0 , 36.35 , 1.75 , -12.3 , 13.0 , 12.0 , 37.22 , 1.11 , -0.87 , 0.64
381.0 , 35.75 , 4.95 , -12.3 , 17.0 , 11.2 , 38.89 , 3.89 , -3.14 , 1.06
382.0 , 34.25 , 3.65 , -12.3 , 17.0 , 8.7 , 38.89 , 6.11 , -4.64 , -2.46
383.0 , 35.75 , 4.05 , -12.1 , 15.0 , 3.4 , 36.11 , 3.89 , -0.36 , 0.16
384.0 , 38.25 , 0.65 , -12.2 , 10.0 , 4.8 , 37.22 , 3.89 , 1.03 , -3.24
385.0 , 38.15 , 4.95 , -12.3 , 15.0 , 7.2 , 41.11 , 3.89 , -2.96 , 1.06
386.0 , 37.35 , -2.55 , -12.3 , 9.0 , 9.1 , 41.11 , 6.11 , -3.76 , -8.66
387.0 , 37.45 , -4.55 , -12.3 , 8.0 , 6.9 , 41.11 , 2.78 , -3.66 , -7.33
388.0 , 37.55 , -2.55 , -12.2 , 9.0 , 6.1 , 40.0 , 2.78 , -2.45 , -5.33
389.0 , 37.65 , -2.05 , -12.3 , 9.0 , 8.3 , 40.0 , 2.78 , -2.35 , -4.83
390.0 , 37.75 , -0.65 , -12.3 , 10.0 , 9.3 , 41.11 , 3.89 , -3.36 , -4.54
391.0 , 35.85 , 4.75 , -12.2 , 16.0 , 7.1 , 38.89 , 2.78 , -3.04 , 1.97
392.0 , 37.95 , 4.15 , -12.2 , 14.0 , 5.0 , 37.78 , 6.11 , 0.17 , -1.96
393.0 , 38.75 , 5.25 , -12.3 , 15.0 , 5.6 , 40.0 , 6.11 , -1.25 , -0.86
394.0 , 39.35 , 3.35 , -12.3 , 12.0 , 5.4 , 41.11 , 6.11 , -1.76 , -2.76
395.0 , 39.55 , 3.35 , -12.3 , 12.0 , 6.2 , 41.11 , 6.11 , -1.56 , -2.76
396.0 , 39.65 , 7.65 , -12.3 , 16.0 , 5.7 , 42.22 , 5.0 , -2.57 , 2.65
397.0 , 39.05 , 9.55 , -12.3 , 19.0 , 3.3 , 41.11 , 7.22 , -2.06 , 2.33
398.0 , 30.15 , 16.75 , -11.0 , 49.0 , 6.1 , 41.11 , 10.0 , -10.96 , 6.75
399.0 , 33.75 , 16.35 , -12.2 , 40.0 , 4.1 , 36.11 , 16.11 , -2.36 , 0.24
400.0 , 35.75 , 16.15 , -12.2 , 34.0 , 5.1 , 37.22 , 17.22 , -1.47 , -1.07
401.0 , 35.45 , 14.85 , -12.1 , 32.0 , 3.2 , 37.78 , 15.0 , -2.33 , -0.15
402.0 , 36.45 , 14.85 , -12.2 , 30.0 , 5.0 , 40.0 , 13.89 , -3.55 , 0.96
403.0 , 34.95 , 15.95 , -12.2 , 36.0 , 4.7 , 38.89 , 17.22 , -3.94 , -1.27
404.0 , 35.15 , 14.85 , -12.2 , 33.0 , 4.6 , 33.89 , 17.22 , 1.26 , -2.37
405.0 , 36.85 , 10.95 , -12.3 , 23.0 , 5.2 , 37.78 , 16.11 , -0.93 , -5.16
406.0 , 38.55 , 9.75 , -12.2 , 19.0 , 4.0 , 38.89 , 11.11 , -0.34 , -1.36
407.0 , 37.05 , 12.15 , -12.2 , 24.0 , 1.9 , 38.89 , 8.89 , -1.84 , 3.26
408.0 , 34.25 , 17.05 , -12.2 , 40.0 , 3.5 , 37.22 , 16.11 , -2.97 , 0.94
409.0 , 36.35 , 11.95 , -12.3 , 26.0 , 5.9 , 37.22 , 17.22 , -0.87 , -5.27
410.0 , 36.45 , 9.65 , -12.3 , 22.0 , 7.0 , 32.78 , 17.78 , 3.67 , -8.13
411.0 , 36.75 , 3.25 , -12.3 , 14.0 , 7.0 , 38.89 , 11.11 , -2.14 , -7.86
412.0 , 34.95 , 6.85 , -12.2 , 19.0 , 5.9 , 38.89 , 3.89 , -3.94 , 2.96
413.0 , 36.25 , 10.75 , -12.2 , 24.0 , 4.3 , 38.89 , 6.11 , -2.64 , 4.64
414.0 , 37.45 , 6.05 , -12.3 , 16.0 , 5.2 , 37.78 , 11.11 , -0.33 , -5.06
415.0 , 36.95 , 8.55 , -12.3 , 19.0 , 3.4 , 38.89 , 6.11 , -1.94 , 2.44
416.0 , 38.85 , 8.25 , -12.4 , 17.0 , 4.1 , 38.89 , 6.11 , -0.04 , 2.14
417.0 , 39.05 , 12.65 , -12.3 , 22.0 , 3.3 , 42.22 , 8.89 , -3.17 , 3.76
418.0 , 39.15 , 11.55 , -12.2 , 21.0 , 4.6 , 42.22 , 12.22 , -3.07 , -0.67
419.0 , 36.45 , 15.65 , -12.2 , 32.0 , 5.3 , 43.89 , 7.22 , -7.44 , 8.43
420.0 , 37.65 , 15.35 , -12.4 , 30.0 , 6.5 , 32.78 , 17.22 , 4.87 , -1.87
421.0 , 37.35 , 14.65 , -12.4 , 29.0 , 7.7 , 40.0 , 15.0 , -2.65 , -0.35
422.0 , 35.55 , 13.25 , -12.3 , 29.0 , 3.0 , 37.78 , 13.89 , -2.23 , -0.64
423.0 , 38.05 , 11.25 , -12.4 , 22.0 , 6.6 , 38.89 , 13.89 , -0.84 , -2.64
424.0 , 38.85 , 10.15 , -12.3 , 20.0 , 6.6 , 41.11 , 13.89 , -2.26 , -3.74
425.0 , 38.75 , 10.25 , -12.3 , 20.0 , 6.8 , 42.22 , 11.11 , -3.47 , -0.86
426.0 , 33.65 , 13.55 , -11.6 , 32.0 , 3.6 , 40.0 , 12.22 , -6.35 , 1.33
427.0 , 30.15 , 16.05 , -11.0 , 47.0 , 3.7 , 32.78 , 16.11 , -2.63 , -0.06
428.0 , 33.55 , 13.85 , -12.0 , 32.0 , 4.0 , 32.78 , 16.11 , 0.77 , -2.26
429.0 , 35.25 , 11.25 , -12.1 , 25.0 , 5.7 , 37.22 , 15.0 , -1.97 , -3.75
430.0 , 36.35 , 7.65 , -12.2 , 19.0 , 4.0 , 37.78 , 8.89 , -1.43 , -1.24
431.0 , 37.05 , 1.55 , -12.2 , 12.0 , 4.5 , 37.78 , 11.11 , -0.73 , -9.56
432.0 , 36.25 , 2.75 , -12.2 , 13.0 , 4.9 , 38.89 , 6.11 , -2.64 , -3.36
433.0 , 36.15 , 6.75 , -12.2 , 18.0 , 4.1 , 37.78 , 7.78 , -1.63 , -1.03
434.0 , 36.05 , 13.35 , -12.3 , 29.0 , 6.1 , 37.78 , 7.78 , -1.73 , 5.57
435.0 , 36.95 , 10.05 , -12.2 , 22.0 , 4.3 , 37.22 , 12.22 , -0.27 , -2.17
436.0 , 36.65 , 11.95 , -12.1 , 24.0 , 2.2 , 37.78 , 13.89 , -1.13 , -1.94
437.0 , 33.95 , 15.85 , -12.1 , 37.0 , 3.6 , 32.78 , 16.11 , 1.17 , -0.26
438.0 , 33.25 , 16.75 , -12.1 , 41.0 , 4.3 , 27.78 , 21.11 , 5.47 , -4.36
439.0 , 35.95 , 12.65 , -12.2 , 27.0 , 4.9 , 32.22 , 18.89 , 3.73 , -6.24
440.0 , 36.35 , 12.35 , -12.3 , 26.0 , 5.8 , 32.22 , 17.78 , 4.13 , -5.43
441.0 , 37.35 , 12.95 , -12.3 , 25.0 , 5.6 , 37.78 , 13.89 , -0.43 , -0.94
442.0 , 38.35 , 12.55 , -12.2 , 23.0 , 4.6 , 38.89 , 16.11 , -0.54 , -3.56
443.0 , 36.05 , 14.95 , -12.2 , 31.0 , 5.5 , 41.11 , 15.0 , -5.06 , -0.05
444.0 , 32.25 , 13.95 , -12.0 , 36.0 , 5.8 , 35.0 , 15.0 , -2.75 , -1.05
445.0 , 34.05 , 8.55 , -12.1 , 23.0 , 3.7 , 32.78 , 17.22 , 1.27 , -8.67
446.0 , 25.85 , 15.35 , -9.8 , 56.0 , 3.2 , 36.11 , 12.22 , -10.26 , 3.13
447.0 , 32.25 , 12.05 , -12.1 , 32.0 , 4.6 , 31.11 , 13.89 , 1.14 , -1.84
448.0 , 33.65 , 10.45 , -12.1 , 26.0 , 4.0 , 32.78 , 15.0 , 0.87 , -4.55
449.0 , 35.55 , 10.25 , -12.1 , 23.0 , 4.8 , 36.11 , 12.22 , -0.56 , -1.97
450.0 , 34.15 , 13.25 , -12.1 , 31.0 , 3.7 , 37.78 , 6.11 , -3.63 , 7.14
451.0 , 33.15 , 15.15 , -12.1 , 37.0 , 4.4 , 37.22 , 13.89 , -4.07 , 1.26
452.0 , 35.15 , 12.25 , -12.3 , 27.0 , 4.9 , 35.0 , 16.11 , 0.15 , -3.86
453.0 , 36.25 , 6.35 , -12.2 , 17.0 , 4.1 , 37.22 , 13.89 , -0.97 , -7.54
454.0 , 37.75 , 3.75 , -12.1 , 12.0 , 2.6 , 37.78 , 7.22 , -0.03 , -3.47
455.0 , 38.75 , 3.85 , -12.1 , 12.0 , 3.5 , 38.89 , 3.89 , -0.14 , -0.04
456.0 , 37.35 , 4.75 , -12.2 , 14.0 , 8.2 , 41.11 , 6.11 , -3.76 , -1.36
457.0 , 37.65 , 5.55 , -12.1 , 15.0 , 4.6 , 41.11 , 3.89 , -3.46 , 1.66
458.0 , 37.85 , 5.45 , -12.1 , 14.0 , 3.5 , 41.11 , 3.89 , -3.26 , 1.56
459.0 , 38.25 , 6.65 , -12.0 , 15.0 , 3.9 , 41.11 , 6.11 , -2.86 , 0.54
460.0 , 35.45 , 13.65 , -12.0 , 29.0 , 3.2 , 40.0 , 7.78 , -4.55 , 5.87
461.0 , 33.65 , 16.55 , -12.1 , 39.0 , 4.1 , 36.11 , 13.89 , -2.46 , 2.66
462.0 , 34.15 , 15.25 , -12.1 , 35.0 , 1.9 , 36.11 , 13.89 , -1.96 , 1.36
463.0 , 32.55 , 16.65 , -12.0 , 42.0 , 2.9 , 37.22 , 16.11 , -4.67 , 0.54
464.0 , 31.45 , 16.65 , -12.0 , 44.0 , 3.5 , 37.22 , 16.11 , -5.77 , 0.54
465.0 , 31.55 , 14.05 , -12.0 , 38.0 , 4.9 , 27.78 , 22.22 , 3.77 , -8.17
466.0 , 32.35 , 11.35 , -12.0 , 30.0 , 3.3 , 26.11 , 22.22 , 6.24 , -10.87
467.0 , 34.45 , 9.95 , -12.0 , 24.0 , 3.3 , 32.78 , 17.78 , 1.67 , -7.83
468.0 , 36.15 , 9.15 , -12.0 , 20.0 , 1.9 , 36.11 , 12.78 , 0.04 , -3.63
469.0 , 33.45 , 12.45 , -12.1 , 30.0 , 6.2 , 37.78 , 13.89 , -4.33 , -1.44
470.0 , 34.05 , 12.35 , -12.0 , 29.0 , 1.9 , 36.11 , 12.78 , -2.06 , -0.43
471.0 , 35.35 , 12.95 , -12.1 , 28.0 , 2.2 , 37.22 , 13.89 , -1.87 , -0.94
472.0 , 27.65 , 17.65 , -10.0 , 56.0 , 7.1 , 37.22 , 13.89 , -9.57 , 3.76
473.0 , 26.15 , 16.95 , -10.0 , 60.0 , 9.3 , 30.0 , 17.78 , -3.85 , -0.83
474.0 , 29.65 , 17.95 , -11.8 , 54.0 , 2.9 , 28.89 , 17.78 , 0.76 , 0.17
475.0 , 31.45 , 16.75 , -12.0 , 45.0 , 3.9 , 32.78 , 17.22 , -1.33 , -0.47
476.0 , 32.15 , 14.75 , -12.0 , 38.0 , 3.7 , 33.89 , 15.0 , -1.74 , -0.25
477.0 , 32.85 , 13.35 , -12.1 , 34.0 , 3.1 , 31.11 , 20.0 , 1.74 , -6.65
478.0 , 33.35 , 10.55 , -12.1 , 27.0 , 4.7 , 35.0 , 12.22 , -1.65 , -1.67
479.0 , 34.25 , 9.65 , -12.1 , 23.0 , 4.2 , 36.11 , 13.89 , -1.86 , -4.24
480.0 , 35.65 , 10.05 , -12.1 , 22.0 , 2.2 , 37.22 , 7.78 , -1.57 , 2.27
481.0 , 34.95 , 12.15 , -12.1 , 27.0 , 2.0 , 37.78 , 12.22 , -2.83 , -0.07
482.0 , 33.35 , 15.05 , -12.0 , 36.0 , 3.2 , 37.22 , 12.78 , -3.87 , 2.27
483.0 , 27.75 , 17.25 , -11.5 , 55.0 , 7.8 , 28.89 , 17.78 , -1.14 , -0.53
484.0 , 27.95 , 7.75 , -11.7 , 28.0 , 5.7 , 22.22 , 18.89 , 5.73 , -11.14
485.0 , 27.45 , 1.85 , -11.7 , 19.0 , 3.1 , 28.89 , 11.11 , -1.44 , -9.26
486.0 , 28.25 , 3.05 , -11.7 , 19.0 , 3.1 , 28.89 , 5.0 , -0.64 , -1.95
487.0 , 28.75 , 2.45 , -11.8 , 18.0 , 4.1 , 30.0 , 2.22 , -1.25 , 0.23
488.0 , 29.55 , -0.05 , -11.8 , 12.0 , 3.4 , 31.11 , 3.89 , -1.56 , -3.94
489.0 , 31.55 , 1.75 , -11.3 , 11.0 , 3.0 , 31.11 , 2.78 , 0.44 , -1.03
490.0 , 32.35 , 1.45 , -11.8 , 12.0 , 3.9 , 32.78 , 2.78 , -0.43 , -1.33
491.0 , 30.65 , 1.45 , -11.9 , 15.0 , 4.3 , 33.89 , 3.89 , -3.24 , -2.44
492.0 , 30.05 , 3.65 , -11.8 , 18.0 , 2.9 , 32.78 , 3.89 , -2.73 , -0.24
493.0 , 27.85 , 9.05 , -11.3 , 33.0 , 3.1 , 31.11 , 3.89 , -3.26 , 5.16
494.0 , 21.35 , 15.05 , -9.2 , 73.0 , 3.4 , 28.89 , 7.22 , -7.54 , 7.83
495.0 , 24.55 , 13.65 , -11.6 , 54.0 , 3.8 , 22.22 , 17.78 , 2.33 , -4.13
496.0 , 27.05 , 11.85 , -11.7 , 40.0 , 3.9 , 26.11 , 13.89 , 0.94 , -2.04
497.0 , 28.85 , 8.95 , -11.7 , 28.0 , 3.1 , 27.78 , 13.89 , 1.07 , -4.94
498.0 , 28.25 , 7.15 , -11.6 , 26.0 , 7.3 , 31.11 , 13.89 , -2.86 , -6.74
499.0 , 27.25 , 1.95 , -11.5 , 15.0 , 3.0 , 32.22 , 6.11 , -4.97 , -4.16
500.0 , 29.05 , 5.15 , -11.6 , 17.0 , 2.3 , 28.89 , -1.11 , 0.16 , 6.26
501.0 , 28.85 , 5.25 , -11.6 , 20.0 , 3.9 , 32.22 , 1.11 , -3.37 , 4.14
502.0 , 28.65 , 4.45 , -11.7 , 20.0 , 3.0 , 30.0 , 7.22 , -1.35 , -2.77
503.0 , 27.55 , 6.65 , -11.8 , 25.0 , 2.4 , 31.11 , 3.89 , -3.56 , 2.76
504.0 , 28.65 , 7.35 , -11.7 , 25.0 , 2.9 , 28.89 , 7.22 , -0.24 , 0.13
505.0 , 27.85 , 8.65 , -11.7 , 29.0 , 1.9 , 30.0 , 7.78 , -2.15 , 0.87
506.0 , 27.35 , 8.65 , -11.7 , 30.0 , 1.7 , 31.11 , 8.89 , -3.76 , -0.24
507.0 , 27.15 , 9.15 , -11.7 , 31.0 , 2.0 , 30.0 , 7.78 , -2.85 , 1.37
508.0 , 28.05 , 8.15 , -11.8 , 28.0 , 2.6 , 28.89 , 8.89 , -0.84 , -0.74
509.0 , 29.05 , 8.05 , -11.8 , 23.0 , 2.1 , 31.11 , 8.89 , -2.06 , -0.84
510.0 , 29.85 , 8.25 , -11.8 , 20.0 , 1.8 , 32.22 , 7.78 , -2.37 , 0.47
511.0 , 29.95 , 9.45 , -11.8 , 27.0 , 4.4 , 32.78 , 7.78 , -2.83 , 1.67
512.0 , 27.35 , 10.25 , -11.7 , 36.0 , 4.8 , 33.89 , 8.89 , -6.54 , 1.36
513.0 , 25.65 , 8.35 , -11.7 , 36.0 , 4.1 , 28.89 , 12.22 , -3.24 , -3.87
514.0 , 25.65 , 4.05 , -11.7 , 24.0 , 2.8 , 27.78 , 7.22 , -2.13 , -3.17
515.0 , 26.55 , 4.65 , -11.4 , 20.0 , 2.6 , 27.78 , 7.22 , -1.23 , -2.57
516.0 , 27.55 , 4.45 , -11.6 , 16.0 , 1.8 , 30.0 , 6.11 , -2.45 , -1.66
517.0 , 27.95 , 7.55 , -11.2 , 27.0 , 6.5 , 31.11 , 6.11 , -3.16 , 1.44
518.0 , 22.25 , 9.35 , -11.5 , 48.0 , 6.9 , 32.22 , 7.78 , -9.97 , 1.57
519.0 , 17.95 , 1.15 , -11.5 , 36.0 , 6.7 , 26.11 , 8.89 , -8.16 , -7.74
520.0 , 18.25 , -2.45 , -11.5 , 25.0 , 5.3 , 20.0 , 1.11 , -1.75 , -3.56
521.0 , 19.95 , -2.85 , -11.1 , 19.0 , 4.7 , 21.11 , -2.22 , -1.16 , -0.63
522.0 , 21.45 , -3.15 , -10.5 , 15.0 , 4.2 , 23.89 , -2.78 , -2.44 , -0.37
523.0 , 22.25 , 0.75 , -11.1 , 22.0 , 5.4 , 26.11 , -1.11 , -3.86 , 1.86
524.0 , 22.45 , 0.55 , -9.9 , 19.0 , 3.3 , 27.22 , 2.22 , -4.77 , -1.67
525.0 , 24.15 , 0.55 , -10.9 , 19.0 , 5.6 , 27.22 , 0.0 , -3.07 , 0.55
526.0 , 23.45 , 2.65 , -11.0 , 20.0 , 2.3 , 28.89 , 1.11 , -5.44 , 1.54
527.0 , 22.95 , 0.15 , -10.9 , 20.0 , 6.0 , 27.78 , 2.22 , -4.83 , -2.07
528.0 , 22.45 , 6.25 , -11.2 , 34.0 , 5.2 , 27.78 , -2.22 , -5.33 , 8.47
529.0 , 21.55 , 7.25 , -11.4 , 40.0 , 4.0 , 27.22 , 2.78 , -5.67 , 4.47
530.0 , 21.05 , 6.05 , -11.4 , 38.0 , 3.9 , 25.0 , 6.11 , -3.95 , -0.06
531.0 , 20.55 , 8.25 , -11.3 , 48.0 , 6.6 , 25.0 , 7.22 , -4.45 , 1.03
532.0 , 19.95 , 6.05 , -11.4 , 43.0 , 4.9 , 22.22 , 10.0 , -2.27 , -3.95
533.0 , 15.55 , -13.25 , -11.1 , 12.0 , 7.2 , 23.89 , 7.78 , -8.34 , -21.03
534.0 , 14.85 , -11.05 , -10.2 , 12.0 , 4.1 , 18.89 , -11.11 , -4.04 , 0.06
535.0 , 15.35 , -10.25 , -9.9 , 11.0 , 3.1 , 18.89 , -12.22 , -3.54 , 1.97
536.0 , 16.85 , -9.85 , -10.6 , 9.0 , 2.1 , 18.89 , -8.89 , -2.04 , -0.96
537.0 , 16.85 , -7.85 , -10.9 , 14.0 , 2.8 , 21.11 , -8.89 , -4.26 , 1.04
538.0 , 16.65 , -4.45 , -11.0 , 19.0 , 2.3 , 21.11 , -8.89 , -4.46 , 4.44
539.0 , 16.95 , -4.75 , -10.6 , 20.0 , 3.7 , 18.89 , -5.0 , -1.94 , 0.25
540.0 , 15.95 , -6.35 , -10.9 , 19.0 , 5.0 , 20.0 , -2.22 , -4.05 , -4.13
541.0 , 13.65 , -14.55 , -8.9 , 10.0 , 5.7 , 21.11 , -8.89 , -7.46 , -5.66
542.0 , 13.15 , -13.55 , -8.7 , 10.0 , 3.5 , 17.78 , -12.22 , -4.63 , -1.33
543.0 , 17.75 , -5.75 , -7.1 , 16.0 , 3.9 , 17.78 , -12.78 , -0.03 , 7.03
544.0 , 19.95 , -3.25 , -9.3 , 15.0 , 4.3 , 21.11 , -8.89 , -1.16 , 5.64
545.0 , 19.45 , -3.45 , -10.2 , 13.0 , 2.0 , 26.11 , -2.78 , -6.66 , -0.67
546.0 , 19.75 , -3.55 , -10.6 , 17.0 , 4.8 , 25.0 , -2.78 , -5.25 , -0.77
547.0 , 18.35 , -1.55 , -10.6 , 24.0 , 6.7 , 25.0 , -2.78 , -6.65 , 1.23
548.0 , 17.55 , -1.75 , -9.7 , 21.0 , 3.3 , 23.89 , -3.89 , -6.34 , 2.14
549.0 , 17.65 , -1.65 , -10.0 , 26.0 , 2.4 , 20.0 , 0.0 , -2.35 , -1.65
550.0 , 19.95 , 9.35 , -11.3 , 48.0 , 1.6 , 17.78 , 1.11 , 2.17 , 8.24
551.0 , 17.55 , 12.35 , -10.9 , 73.0 , 1.6 , 21.11 , 11.11 , -3.56 , 1.24
552.0 , 17.75 , 6.95 , -10.2 , 41.0 , 2.5 , 17.78 , 12.22 , -0.03 , -5.27
553.0 , 18.35 , 5.95 , -11.0 , 40.0 , 2.6 , 18.89 , 12.78 , -0.54 , -6.83
554.0 , 18.65 , 4.45 , -9.9 , 32.0 , 3.5 , 17.22 , 12.22 , 1.43 , -7.77
555.0 , 19.05 , 3.15 , -10.2 , 28.0 , 3.6 , 21.11 , 10.0 , -2.06 , -6.85
556.0 , 19.25 , 5.65 , -10.3 , 34.0 , 2.2 , 18.89 , 10.0 , 0.36 , -4.35
557.0 , 18.75 , 6.55 , -10.8 , 40.0 , 1.8 , 21.11 , 7.78 , -2.36 , -1.23
558.0 , 18.05 , 1.15 , -11.2 , 25.0 , 2.5 , 21.11 , 11.11 , -3.06 , -9.96
559.0 , 18.95 , 7.95 , -10.6 , 51.0 , 8.6 , 22.22 , 7.22 , -3.27 , 0.73
560.0 , 12.85 , 1.95 , -11.1 , 49.0 , 6.9 , 22.22 , 7.22 , -9.37 , -5.27
561.0 , 12.35 , 1.05 , -10.7 , 44.0 , 2.4 , 15.0 , 3.89 , -2.65 , -2.84
562.0 , 13.95 , -0.75 , -9.4 , 26.0 , 1.7 , 13.89 , 2.78 , 0.06 , -3.53
563.0 , 14.65 , -1.85 , -10.7 , 29.0 , 3.2 , 13.89 , 3.89 , 0.76 , -5.74
564.0 , 12.35 , 5.75 , -10.8 , 68.0 , 4.7 , 16.11 , 2.78 , -3.76 , 2.97
565.0 , 11.85 , 3.55 , -11.2 , 58.0 , 2.5 , 12.78 , 7.78 , -0.93 , -4.23
566.0 , 12.55 , 1.35 , -10.2 , 41.0 , 3.5 , 13.89 , 6.11 , -1.34 , -4.76
567.0 , 13.35 , 0.15 , -9.6 , 34.0 , 2.9 , 15.0 , 3.89 , -1.65 , -3.74
568.0 , 13.95 , 1.05 , -8.3 , 37.0 , 2.5 , 15.0 , 3.89 , -1.05 , -2.84
569.0 , 14.85 , 3.85 , -7.7 , 44.0 , 4.3 , 16.11 , 3.89 , -1.26 , -0.04
570.0 , 13.05 , -8.45 , -10.6 , 17.0 , 6.4 , 17.22 , 5.0 , -4.17 , -13.45
571.0 , 12.35 , -6.65 , -8.3 , 16.0 , 1.8 , 17.22 , -7.22 , -4.87 , 0.57
572.0 , 11.75 , -3.25 , -10.8 , 37.0 , 8.6 , 16.11 , -6.11 , -4.36 , 2.86
573.0 , 8.05 , -8.75 , -11.0 , 28.0 , 4.0 , 15.0 , -2.22 , -6.95 , -6.53
574.0 , 8.55 , -8.95 , -10.6 , 25.0 , 4.2 , 11.11 , -8.89 , -2.56 , -0.06
575.0 , 9.55 , -8.45 , -9.5 , 22.0 , 2.5 , 12.22 , -7.78 , -2.67 , -0.67
576.0 , 9.85 , -8.05 , -8.5 , 17.0 , 1.4 , 12.22 , -6.11 , -2.37 , -1.94
577.0 , 12.55 , -5.95 , -10.0 , 23.0 , 4.4 , 13.89 , -8.89 , -1.34 , 2.94
578.0 , 6.35 , -1.65 , -10.8 , 63.0 , 5.0 , 16.11 , -7.22 , -9.76 , 5.57
